-- MySQL dump 10.13  Distrib 8.4.0, for macos14 (arm64)
--
-- Host: localhost    Database: CanteenDB
-- ------------------------------------------------------
-- Server version	8.4.0

/*!40101 SET @OLD_CHARACTER_SET_CLIENT=@@CHARACTER_SET_CLIENT */;
/*!40101 SET @OLD_CHARACTER_SET_RESULTS=@@CHARACTER_SET_RESULTS */;
/*!40101 SET @OLD_COLLATION_CONNECTION=@@COLLATION_CONNECTION */;
/*!50503 SET NAMES utf8mb4 */;
/*!40103 SET @OLD_TIME_ZONE=@@TIME_ZONE */;
/*!40103 SET TIME_ZONE='+00:00' */;
/*!40014 SET @OLD_UNIQUE_CHECKS=@@UNIQUE_CHECKS, UNIQUE_CHECKS=0 */;
/*!40014 SET @OLD_FOREIGN_KEY_CHECKS=@@FOREIGN_KEY_CHECKS, FOREIGN_KEY_CHECKS=0 */;
/*!40101 SET @OLD_SQL_MODE=@@SQL_MODE, SQL_MODE='NO_AUTO_VALUE_ON_ZERO' */;
/*!40111 SET @OLD_SQL_NOTES=@@SQL_NOTES, SQL_NOTES=0 */;

--
-- Table structure for table `Canteens`
--

DROP TABLE IF EXISTS `Canteens`;
/*!40101 SET @saved_cs_client     = @@character_set_client */;
/*!50503 SET character_set_client = utf8mb4 */;
CREATE TABLE `Canteens` (
  `canteen_id` int NOT NULL AUTO_INCREMENT,
  `canteen_name` varchar(50) DEFAULT NULL,
  PRIMARY KEY (`canteen_id`)
) ENGINE=InnoDB AUTO_INCREMENT=4 DEFAULT CHARSET=utf8mb4 COLLATE=utf8mb4_0900_ai_ci;
/*!40101 SET character_set_client = @saved_cs_client */;

--
-- Dumping data for table `Canteens`
--

LOCK TABLES `Canteens` WRITE;
/*!40000 ALTER TABLE `Canteens` DISABLE KEYS */;
INSERT INTO `Canteens` VALUES (1,'D5'),(2,'B1'),(3,'F5');
/*!40000 ALTER TABLE `Canteens` ENABLE KEYS */;
UNLOCK TABLES;

--
-- Table structure for table `Dishes`
--

DROP TABLE IF EXISTS `Dishes`;
/*!40101 SET @saved_cs_client     = @@character_set_client */;
/*!50503 SET character_set_client = utf8mb4 */;
CREATE TABLE `Dishes` (
  `dish_id` int NOT NULL AUTO_INCREMENT,
  `stall_id` int DEFAULT NULL,
  `dish_name` varchar(50) DEFAULT NULL,
  `price` decimal(5,2) DEFAULT NULL,
  PRIMARY KEY (`dish_id`),
  KEY `stall_id` (`stall_id`),
  CONSTRAINT `dishes_ibfk_1` FOREIGN KEY (`stall_id`) REFERENCES `Stalls` (`stall_id`)
) ENGINE=InnoDB AUTO_INCREMENT=383 DEFAULT CHARSET=utf8mb4 COLLATE=utf8mb4_0900_ai_ci;
/*!40101 SET character_set_client = @saved_cs_client */;

--
-- Dumping data for table `Dishes`
--

LOCK TABLES `Dishes` WRITE;
/*!40000 ALTER TABLE `Dishes` DISABLE KEYS */;
INSERT INTO `Dishes` VALUES (1,1,'一荤一素',11.00),(2,1,'一荤两素',14.00),(3,1,'两荤一素',16.00),(4,2,'自选烤盘饭',15.00),(5,3,'自选麻辣烫',18.00),(6,3,'自选麻辣香锅',18.00),(7,4,'重庆小面',8.00),(8,4,'番茄鸡蛋面/粉',10.00),(9,4,'豌豆炸酱面/粉',12.00),(10,4,'酸菜肉丝面/粉',12.00),(11,4,'鸡杂面/粉',14.00),(12,4,'红烧排骨面/粉',14.00),(13,4,'红烧鸡丁面/粉',14.00),(14,4,'原汤牛肉面/粉',16.00),(15,4,'红油鲜肉抄手',12.00),(16,4,'鸡汤鲜肉抄手',12.00),(17,4,'凉皮/凉粉',8.00),(18,4,'酸辣粉',10.00),(19,4,'鸡丝凉面',10.00),(20,5,'F+牛肉饭',18.00),(21,5,'手撕鸡',12.00),(22,5,'黄金脆皮鸡',14.00),(23,5,'肉沫茄子',11.00),(24,5,'可乐鸡',14.00),(25,5,'脆皮鸡拼茄子',13.00),(26,5,'罗宋牛肉',16.00),(27,5,'咖喱牛肉',16.00),(28,5,'黑椒鸭柳',13.00),(29,5,'糖醋里脊',14.00),(30,5,'牛肉拼脆皮鸡',16.00),(31,5,'牛肉拼茄子',15.00),(32,5,'巴西烤香鸡',13.00),(33,5,'小炒黄牛肉',16.00),(34,5,'加州牛腩',16.00),(35,5,'海苔照烧鸡',13.00),(36,5,'牛肉拼鸡扒',16.00),(37,5,'黑椒鸡扒',16.00),(38,6,'香辣鸡腿堡地瓜丸',14.00),(39,6,'卤辣鸡腿堡水果派',15.00),(40,6,'香辣鸡腿堡上校鸡块中可',18.00),(41,6,'香辣鸡腿堡孜然鸡条中可',19.00),(42,7,'黄焖鸡块',13.00),(43,7,'红烧鸡块',13.00),(44,7,'黄焖肉',14.00),(45,7,'红烧肉',14.00),(46,7,'黄焖鱼',14.00),(47,7,'红烧鱼块',14.00),(48,7,'黄焖鸡',15.00),(49,7,'红烧鸭',15.00),(50,7,'黄焖猪手',15.00),(51,7,'红烧猪手',15.00),(52,7,'黄焖排骨',16.00),(53,7,'红烧排骨',16.00),(54,7,'黄焖牛肉',16.00),(55,7,'红烧牛肉',16.00),(56,7,'麻辣/酸汤/原味鱼片',12.00),(57,7,'麻辣/酸汤/原味肉片',14.00),(58,7,'麻辣/酸汤/原味牛肉',18.00),(59,7,'麻辣/酸汤/原味肥牛',18.00),(60,8,'潮汕肉卷饭',10.00),(61,8,'招牌烧鸭饭',12.00),(62,8,'手撕鸡肉饭',12.00),(63,8,'湛江白切鸡饭',11.00),(64,8,'广式鼓油鸡饭',11.00),(65,8,'蜜汁鸡腿饭',12.00),(66,8,'蜜汁鸡排饭',12.00),(67,8,'蜜汁鸡翅饭',13.00),(68,8,'盐焗鸡翅饭',13.00),(69,8,'盐水鸭饭',12.00),(70,8,'黑椒鸡全腿饭',14.00),(71,8,'功夫鸭腿饭',14.00),(72,8,'蜜汁叉烧饭',14.00),(73,8,'隆江猪脚饭',14.00),(74,8,'脆皮烧鸭腿饭',14.00),(75,8,'百搭双拼饭',15.00),(76,8,'鸭腿双拼饭',16.00),(77,9,'蒸饺',6.00),(78,9,'小笼包',6.00),(79,9,'香拌粉/面',5.00),(80,9,'酸辣粉/面',10.00),(81,9,'肉丝拌粉/面',8.00),(82,9,'老北京炸酱粉/面',10.00),(83,9,'桂林米粉',10.00),(84,9,'紫菜云吞',10.00),(85,9,'香拌云吞',10.00),(86,9,'云吞粉/面',13.00),(87,9,'排骨汤云吞',15.00),(88,9,'乌鸡汤云吞',15.00),(89,9,'老鸭汤云吞',15.00),(90,9,'鸽子汤云吞',15.00),(91,9,'猪脚粉/面',15.00),(92,9,'鸭腿粉/面',12.00),(93,9,'鸡腿粉/面',10.00),(94,9,'牛腩粉/面',15.00),(95,9,'大排汤粉/面',15.00),(96,9,'肥肠汤粉/面',15.00),(97,9,'红烧排骨汤粉/面',15.00),(98,9,'状元三及第粉/面',15.00),(99,9,'排骨汤粉/面',15.00),(100,9,'乌鸡汤粉/面',15.00),(101,9,'老鸭汤粉/面',15.00),(102,9,'鸽子汤粉/面',15.00),(103,9,'鲜肉水饺',15.00),(104,9,'酸辣汤饺',15.00),(105,9,'香拌水饺',15.00),(106,9,'玉米水饺',15.00),(107,9,'韭菜水饺',15.00),(108,9,'香炸云吞',10.00),(109,9,'香炸水饺',8.00),(110,10,'称重自选',15.00),(111,13,'原汤牛肉粉+葱油饼',13.00),(112,13,'原汤牛丸粉+葱油饼',13.00),(113,13,'原汤羊肉粉+葱油饼',15.00),(114,13,'水城羊肉粉+葱油饼',15.00),(115,13,'红烧牛肉粉+葱油饼',16.00),(116,13,'泡椒牛肉粉+葱油饼',16.00),(117,13,'红烧牛杂粉+葱油饼',16.00),(118,20,'照烧鸡',13.00),(119,20,'红烧肉',13.00),(120,20,'咕咾肉',13.00),(121,20,'咖喱鸡',13.00),(122,20,'口水鸡',13.00),(123,20,'孜然肉片',13.00),(124,20,'辣椒炒肉',13.00),(125,20,'梅菜扣肉',13.00),(126,20,'炭烧鸭腿',13.00),(127,20,'黄焖鸡米饭',13.00),(128,20,'奥尔良鸡排',13.00),(129,20,'可乐鸡腿饭',13.00),(130,20,'招牌烤肉饭',13.00),(131,20,'双拼',16.00),(132,21,'自选水饺/汤圆',18.00),(133,22,'鲜肉馄饨',10.00),(134,22,'香菇馄饨',12.00),(135,22,'虾仁馄饨',13.00),(136,22,'干拌鲜肉馄饨',12.00),(137,22,'干拌馄饨面/粉',13.00),(138,22,'干拌香菇馄饨',14.00),(139,22,'干拌虾仁馄饨',15.00),(140,22,'煎蛋面/粉',10.00),(141,22,'瘦肉面/粉',12.00),(142,22,'牛丸面/粉',12.00),(143,22,'西红柿蛋面/粉',12.00),(144,22,'馄饨面/粉',13.00),(145,22,'牛腩面/粉',15.00),(146,22,'葱油拌面',8.00),(147,22,'花生酱拌面',8.00),(148,22,'炸酱面',12.00),(149,22,'瘦肉蛋炒面/粉',15.00),(150,23,'孜然牛肉炒面',16.00),(151,23,'番茄鸡蛋炒面',14.00),(152,23,'青菜牛肉炒面',16.00),(153,23,'过油肉盖浇面',18.00),(154,23,'番茄鸡蛋盖浇面',14.00),(155,23,'土豆牛肉盖浇面',16.00),(156,23,'孜然牛肉盖浇面',16.00),(157,23,'红烧牛肉盖浇面',18.00),(158,23,'清汤牛肉拉面/刀削面',13.00),(159,23,'酸菜牛肉拉面/刀削面',13.00),(160,23,'红烧牛腩拉面/刀削面',15.00),(161,23,'蛋炒饭',12.00),(162,23,'牛肉炒面',16.00),(163,23,'兰州炒饭',14.00),(164,23,'牛肉水饺',15.00),(165,23,'牛肉蛋炒饭',14.00),(166,23,'过油肉盖浇米饭',18.00),(167,23,'番茄鸡蛋盖浇米饭',14.00),(168,23,'青椒牛肉盖浇米饭',16.00),(169,23,'孜然牛肉盖浇米饭',16.00),(170,23,'土豆牛肉盖浇米饭',16.00),(171,23,'红烧牛肉盖浇米饭',18.00),(172,24,'自选麻辣烫',20.00),(173,24,'自选麻辣香锅',20.00),(174,25,'麻辣水煮午餐肉',13.00),(175,25,'金汤酸辣午餐肉',13.00),(176,25,'椒麻水煮午餐肉',13.00),(177,25,'酱香水煮午餐肉',13.00),(178,25,'番茄水煮午餐肉',13.00),(179,24,'自选麻辣烫',20.00),(180,24,'自选麻辣香锅',20.00),(181,25,'麻辣水煮午餐肉',13.00),(182,25,'金汤酸辣午餐肉',13.00),(183,25,'椒麻水煮午餐肉',13.00),(184,25,'酱香水煮午餐肉',13.00),(185,25,'番茄水煮午餐肉',13.00),(186,25,'麻辣水煮小酥肉',15.00),(187,25,'金汤酸辣小酥肉',15.00),(188,25,'椒麻水煮小酥肉',15.00),(189,25,'酱香水煮小酥肉',15.00),(190,25,'番茄水煮小酥肉',15.00),(191,25,'麻辣水煮鸡肉片',15.00),(192,25,'金汤酸辣鸡肉片',15.00),(193,25,'椒麻水煮鸡肉片',15.00),(194,25,'酱香水煮鸡肉片',15.00),(195,25,'番茄水煮鸡肉片',15.00),(196,25,'麻辣水煮鱼片',17.00),(197,25,'金汤酸辣鱼片',17.00),(198,25,'椒麻水煮鱼片',17.00),(199,25,'酱香水煮鱼片',17.00),(200,25,'番茄水煮鱼片',17.00),(201,25,'麻辣水煮肥牛',17.00),(202,25,'金汤酸辣肥牛',17.00),(203,25,'椒麻水煮肥牛',17.00),(204,25,'酱香水煮肥牛',17.00),(205,25,'番茄水煮肥牛',17.00),(206,26,'大众餐自选',12.00),(207,27,'精制肉卷饭',13.00),(208,27,'秘卤鸡腿饭',15.00),(209,27,'大大鸭腿饭',15.00),(210,27,'甘香猪耳饭',15.00),(211,27,'台式卤肉饭',15.00),(212,27,'港式卤肉饭',15.00),(213,27,'招牌猪脚饭',16.00),(214,27,'烧汁鸡翅饭',13.00),(215,27,'黄金烧肉饭',15.00),(216,27,'蜜汁叉烧饭',15.00),(217,27,'蜜汁鸡扒饭',15.00),(218,27,'明炉烧鸭饭',16.00),(219,27,'明炉鸭腿饭',16.00),(220,27,'任意双拼饭',16.00),(221,29,'牛杂煲仔饭',15.00),(222,29,'香菇肉饼煲仔饭',15.00),(223,29,'榨菜猪心煲仔饭',16.00),(224,29,'广式腊味煲仔饭',16.00),(225,29,'香芋排骨煲仔饭',16.00),(226,29,'酱香凤爪煲仔饭',16.00),(227,29,'老酿叉烧煲仔饭',15.00),(228,29,'肉卷窝蛋煲仔饭',15.00),(229,29,'榨菜鸡肾煲仔饭',16.00),(230,29,'香菇滑鸡煲仔饭',16.00),(231,29,'农家炆鸭煲仔饭',16.00),(232,29,'榨菜牛肉煲仔饭',18.00),(233,30,'牛丼饭',16.00),(234,30,'日式鳗鱼炒饭',16.00),(235,30,'黑椒牛柳炒意粉',16.00),(236,30,'芝士鲜茄肉酱意粉',16.00),(237,30,'豚骨汤拉面',16.00),(238,30,'味增汤乌冬面',16.00),(239,30,'香浓咖喱鸡饭',15.00),(240,30,'香浓咖喱猪扒饭',15.00),(241,30,'香浓咖喱龙利鱼饭',15.00),(242,30,'芝士咖喱鸡焗饭',16.00),(243,30,'芝士咖喱猪扒焗饭',16.00),(244,30,'芝士鲜茄鸡扒焗饭',16.00),(245,30,'芝士鲜茄猪扒焗饭',16.00),(246,30,'菠萝海鲜炒饭',16.00),(247,30,'芝士龙利鱼焗饭',18.00),(248,30,'芝士咖喱龙利鱼焗饭',18.00),(249,31,'特色焖面',8.00),(250,31,'风味香肠焖面',13.00),(251,31,'爆汁鸡块焖锅',15.00),(252,31,'锅包肉焖锅',15.00),(253,31,'五谷鱼块焖锅',16.00),(254,31,'内脂豆腐焖锅',12.00),(255,31,'油炸腐竹焖锅',14.00),(256,31,'蚝油肉片焖锅',15.00),(257,31,'小酥肉焖锅',16.00),(258,31,'雪花肥牛焖锅',17.00),(259,32,'葱油拌面',8.00),(260,32,'阿春小面',14.00),(261,32,'土豆丝小面',11.00),(262,32,'酸菜小笋小面',13.00),(263,32,'鱼香肉丝小面',13.00),(264,32,'西红柿鸡蛋小面',12.00),(265,32,'海鲜菇滑肉丝小面',13.00),(266,32,'酸辣鸡杂小面',15.00),(267,32,'酱香鸡腿小面',15.00),(268,32,'飘香牛杂小面',17.00),(269,32,'重庆小酥肉小面',14.00),(270,32,'麻辣手撕鸡小面',15.00),(271,32,'红烧鲜排骨小面',17.00),(272,32,'红烧牛肉面小面',18.00),(273,1,'一荤三素',17.00),(274,1,'两荤两素',19.00),(275,1,'三素',11.00),(276,1,'两素',8.00),(277,1,'三荤',21.00),(278,1,'两荤',15.00),(279,16,'香菇滑鸡饭',14.00),(280,16,'椒麻鸡块饭',15.00),(281,16,'梅菜扣肉饭',16.00),(282,16,'可乐鸡翅饭',16.00),(283,16,'口水鸡饭',16.00),(284,16,'红烧肉饭',16.00),(285,16,'炭烧鸡丁肉饭',15.00),(286,16,'菠萝咕噜肉饭',15.00),(287,16,'豆鼓香芋蒸排骨饭',16.00),(288,16,'辣子鸡饭',15.00),(289,16,'农家一碗香饭',15.00),(290,16,'任意双拼饭',16.00),(291,18,'猪脚饭',15.00),(292,18,'白切鸡',15.00),(293,18,'烧鸭',15.00),(294,18,'五花肉',15.00),(295,18,'潮汕肉卷',15.00),(296,18,'牛腩',15.00),(297,18,'排骨饭',15.00),(298,18,'猪耳朵',15.00),(299,18,'手撕鸡',15.00),(300,18,'叉烧',15.00),(301,18,'酱油鸡',15.00),(302,18,'猪头肉',15.00),(303,18,'鸡腿',15.00),(304,18,'鸭腿',15.00),(305,18,'任意双拼烧腊饭',15.00),(306,18,'腌河粉+汤',13.00),(307,18,'腌手工面+汤',13.00),(308,18,'腌大碗面+汤',13.00),(309,18,'腌米粉+汤',13.00),(310,18,'腌粿条+汤',13.00),(311,18,'腌桂林粉+汤',13.00),(312,18,'猪杂汤粉面',10.00),(313,18,'牛筋丸汤粉面',10.00),(314,18,'瘦肉汤粉面',10.00),(315,18,'猪肉丸汤粉面',10.00),(316,18,'鱼丸汤粉面',10.00),(317,18,'大骨汤粉面',10.00),(318,18,'牛腩汤粉面',15.00),(319,18,'排骨汤粉面',15.00),(320,18,'双肉丸汤粉面',15.00),(321,18,'任意双拼汤粉面',15.00),(322,18,'猪杂汤饭',13.00),(323,18,'牛筋丸汤饭',13.00),(324,18,'瘦肉汤饭',13.00),(325,18,'猪肉丸汤饭',13.00),(326,18,'鱼丸汤饭',13.00),(327,18,'大骨汤饭',13.00),(328,18,'任意双拼汤饭',15.00),(329,11,'自选小碗菜',15.00),(330,12,'自选水饺',18.00),(331,14,'自选小盘菜',15.00),(332,15,'一荤一素',8.00),(333,15,'一荤两素',10.00),(334,15,'两荤一素',12.00),(335,15,'两荤两素',13.80),(336,17,'烤肉饭',13.00),(337,17,'碳烤鸡腿饭',13.00),(338,17,'碳烤鸭腿饭',13.00),(339,17,'香酥小鸡腿饭',13.00),(340,17,'香酥鸡排饭',13.00),(341,17,'奥尔良鸡排饭',13.00),(342,17,'酸甜咕噜肉饭',13.00),(343,17,'可乐鸡翅饭',13.00),(344,17,'青椒炒肉丝饭',13.00),(345,17,'孜然肉片饭',13.00),(346,17,'照烧鸡肉饭',13.00),(347,17,'手撕鸡肉饭',13.00),(348,17,'咖喱鸡肉饭',13.00),(349,17,'红烧肉饭',13.00),(350,17,'梅菜扣肉饭',13.00),(351,17,'蒜香排骨饭',14.00),(352,17,'任意双拼饭',16.00),(353,19,'鲜汁肉包',2.00),(354,19,'梅干菜肉包',2.00),(355,19,'荠菜肉包',2.00),(356,19,'毛豆酸菜包',2.00),(357,19,'酸豆角肉包',2.00),(358,19,'海带菌菇包',2.00),(359,19,'香辣豆腐包',2.00),(360,19,'小猪奶黄包',2.00),(361,19,'香辣粉丝包',2.00),(362,19,'香菇菜包',2.00),(363,19,'豆沙包',2.00),(364,19,'黑芝麻包',2.00),(365,19,'奥尔良鸡肉包',2.00),(366,19,'爆汁流沙包',2.50),(367,19,'炫彩燕麦包',2.50),(368,19,'黑米粥',2.50),(369,19,'南瓜粥',2.50),(370,19,'燕麦小米粥',2.50),(371,19,'银耳羹',2.50),(372,28,'现烤香辣鸡腿堡',10.00),(373,28,'现烤深海鳕鱼堡',11.00),(374,28,'现烤至尊鲜虾堡',11.00),(375,28,'现烤奥尔良鸡腿堡',12.00),(376,28,'现烤鸡蛋培根堡',13.00),(377,28,'现烤板烧菠萝鸡腿堡',15.00),(378,28,'现烤多汁牛肉堡',18.00),(379,28,'墨西哥鸡肉卷',9.00),(380,28,'老北京鸡肉卷',10.00),(381,28,'深海鳕鱼卷',10.00),(382,28,'至尊鲜虾卷',10.00);
/*!40000 ALTER TABLE `Dishes` ENABLE KEYS */;
UNLOCK TABLES;

--
-- Table structure for table `Orders`
--

DROP TABLE IF EXISTS `Orders`;
/*!40101 SET @saved_cs_client     = @@character_set_client */;
/*!50503 SET character_set_client = utf8mb4 */;
CREATE TABLE `Orders` (
  `order_id` int NOT NULL AUTO_INCREMENT,
  `user_id` int DEFAULT NULL,
  `dish_id` int DEFAULT NULL,
  `order_status` varchar(50) DEFAULT NULL,
  `order_time` datetime DEFAULT NULL,
  PRIMARY KEY (`order_id`),
  KEY `user_id` (`user_id`),
  KEY `dish_id` (`dish_id`),
  CONSTRAINT `orders_ibfk_1` FOREIGN KEY (`user_id`) REFERENCES `Users` (`user_id`),
  CONSTRAINT `orders_ibfk_2` FOREIGN KEY (`dish_id`) REFERENCES `Dishes` (`dish_id`)
) ENGINE=InnoDB DEFAULT CHARSET=utf8mb4 COLLATE=utf8mb4_0900_ai_ci;
/*!40101 SET character_set_client = @saved_cs_client */;

--
-- Dumping data for table `Orders`
--

LOCK TABLES `Orders` WRITE;
/*!40000 ALTER TABLE `Orders` DISABLE KEYS */;
/*!40000 ALTER TABLE `Orders` ENABLE KEYS */;
UNLOCK TABLES;

--
-- Table structure for table `Stalls`
--

DROP TABLE IF EXISTS `Stalls`;
/*!40101 SET @saved_cs_client     = @@character_set_client */;
/*!50503 SET character_set_client = utf8mb4 */;
CREATE TABLE `Stalls` (
  `stall_id` int NOT NULL AUTO_INCREMENT,
  `canteen_id` int DEFAULT NULL,
  `stall_name` varchar(50) DEFAULT NULL,
  PRIMARY KEY (`stall_id`),
  KEY `canteen_id` (`canteen_id`),
  CONSTRAINT `stalls_ibfk_1` FOREIGN KEY (`canteen_id`) REFERENCES `Canteens` (`canteen_id`)
) ENGINE=InnoDB AUTO_INCREMENT=33 DEFAULT CHARSET=utf8mb4 COLLATE=utf8mb4_0900_ai_ci;
/*!40101 SET character_set_client = @saved_cs_client */;

--
-- Dumping data for table `Stalls`
--

LOCK TABLES `Stalls` WRITE;
/*!40000 ALTER TABLE `Stalls` DISABLE KEYS */;
INSERT INTO `Stalls` VALUES (1,1,'东北菜'),(2,1,'烤盘饭'),(3,1,'D5麻辣香锅麻辣烫'),(4,1,'重庆小面'),(5,1,'F+牛肉饭'),(6,1,'派乐汉堡'),(7,1,'黄焖鸡水煮鱼'),(8,1,'烧腊人气王'),(9,1,'陈记面点'),(10,1,'称重自选'),(11,2,'B1小碗菜'),(12,1,'水饺鲜生'),(13,1,'牛肉粉'),(14,1,'D5小盘菜'),(15,1,'粤式风味'),(16,2,'原盅蒸饭'),(17,2,'土耳其烤肉饭'),(18,2,'潮品鲜'),(19,3,'巴比手工鲜肉包'),(20,3,'土耳其烤肉饭'),(21,3,'莫小喃水饺'),(22,3,'老上海馄饨铺'),(23,3,'西北风味'),(24,3,'F5麻辣香锅麻辣烫'),(25,3,'辣食尚'),(26,3,'粤式大众餐'),(27,3,'点蹄猪脚饭'),(28,3,'Q堡堡'),(29,3,'禾香煲仔饭'),(30,3,'江南果道'),(31,3,'三汁焖锅'),(32,3,'卫孔记');
/*!40000 ALTER TABLE `Stalls` ENABLE KEYS */;
UNLOCK TABLES;

--
-- Table structure for table `Users`
--

DROP TABLE IF EXISTS `Users`;
/*!40101 SET @saved_cs_client     = @@character_set_client */;
/*!50503 SET character_set_client = utf8mb4 */;
CREATE TABLE `Users` (
  `user_id` int NOT NULL AUTO_INCREMENT,
  `username` varchar(50) DEFAULT NULL,
  `password` varchar(50) DEFAULT NULL,
  PRIMARY KEY (`user_id`)
) ENGINE=InnoDB DEFAULT CHARSET=utf8mb4 COLLATE=utf8mb4_0900_ai_ci;
/*!40101 SET character_set_client = @saved_cs_client */;

--
-- Dumping data for table `Users`
--

LOCK TABLES `Users` WRITE;
/*!40000 ALTER TABLE `Users` DISABLE KEYS */;
/*!40000 ALTER TABLE `Users` ENABLE KEYS */;
UNLOCK TABLES;
/*!40103 SET TIME_ZONE=@OLD_TIME_ZONE */;

/*!40101 SET SQL_MODE=@OLD_SQL_MODE */;
/*!40014 SET FOREIGN_KEY_CHECKS=@OLD_FOREIGN_KEY_CHECKS */;
/*!40014 SET UNIQUE_CHECKS=@OLD_UNIQUE_CHECKS */;
/*!40101 SET CHARACTER_SET_CLIENT=@OLD_CHARACTER_SET_CLIENT */;
/*!40101 SET CHARACTER_SET_RESULTS=@OLD_CHARACTER_SET_RESULTS */;
/*!40101 SET COLLATION_CONNECTION=@OLD_COLLATION_CONNECTION */;
/*!40111 SET SQL_NOTES=@OLD_SQL_NOTES */;

-- Dump completed on 2024-06-19 14:11:09
